gen0,gen1
1.8136192404924767,1.8164246701995466
inf,1.1222611626489418
1.6417690928230664,0.829577192826076
inf,1.6417690928230664
inf,1.8136192404924767
