gen0,gen1
0.23655400661769682,1.3440367858421245
1.7104330966391101,inf
11.112132939903214,1.7104330966391101
1.2417613828873098,0.23655400661769682
inf,1.2417613828873098
