gen0,gen1
1.8076192404924767,1.8114246701995467
inf,1.119261162648942
1.6387690928230665,0.823577192826076
inf,1.6387690928230665
inf,1.8076192404924767
