gen0,gen1
0.23355400661769682,1.3330367858421246
1.7014330966391102,inf
11.102132939903214,1.7014330966391102
1.2347613828873099,0.23355400661769682
inf,1.2347613828873099
